ID;MATERIA;TRANSCRICAO;ATA
1;https://www.camara.leg.br/noticias/1052740-jornalistas-acusam-alexandre-de-moraes-de-censura-ao-exigir-bloqueio-de-contas-da-rede-social-x/;https://escriba.camara.leg.br/escriba-servicosweb/html/72444;https://www.camara.leg.br/internet/ordemdodia/integras/2410224.htm
2;https://www.camara.leg.br/noticias/992544-ministro-diz-que-vai-enviar-projeto-de-lei-para-diminuir-custos-da-energia-para-o-consumidor/;https://escriba.camara.leg.br/escriba-servicosweb/html/69425;https://www.camara.leg.br/internet/ordemdodia/integras/2322604.htm
3;https://www.camara.leg.br/noticias/1053182-ministro-do-trabalho-volta-a-defender-alternativa-ao-saque-aniversario-no-fgts/;https://escriba.camara.leg.br/escriba-servicosweb/html/72463;https://www.camara.leg.br/internet/ordemdodia/integras/2411509.htm
4;https://www.camara.leg.br/noticias/1015002-anatel-trabalha-com-operadoras-de-telefonia-para-evitar-pane-em-sao-paulo/;https://escriba.camara.leg.br/escriba-servicosweb/html/70622;https://www.camara.leg.br/internet/ordemdodia/integras/2358029.htm
5;https://www.camara.leg.br/noticias/1050239-deputados-especialistas-e-familiares-cobram-cumprimento-dos-direitos-das-pessoas-com-autismo/;https://escriba.camara.leg.br/escriba-servicosweb/html/72158;https://www.camara.leg.br/internet/ordemdodia/integras/2404240.htm
6;https://www.camara.leg.br/noticias/995646-socio-da-123milhas-diz-que-passagens-precisaram-ser-suspensas-porque-precos-nao-seguiram-previsoes/;https://escriba.camara.leg.br/escriba-servicosweb/html/69710;https://www.camara.leg.br/internet/ordemdodia/integras/2325596.htm
7;https://www.camara.leg.br/noticias/1053231-deputados-defendem-regulamentacao-paralela-da-reforma-tributaria/;https://escriba.camara.leg.br/escriba-servicosweb/html/72431;https://www.camara.leg.br/internet/ordemdodia/integras/2410416.htm
8;https://www.camara.leg.br/noticias/993729-banco-central-espera-concluir-regulacao-do-mercado-de-criptomoedas-ate-meados-de-2024/;https://escriba.camara.leg.br/escriba-servicosweb/html/69586;https://www.camara.leg.br/internet/ordemdodia/integras/2322218.htm
9;https://www.camara.leg.br/noticias/1059408-debatedores-divergem-na-camara-sobre-a-documentacao-exigida-dos-cuidadores-de-pessoas-idosas/;https://escriba.camara.leg.br/escriba-servicosweb/html/72151;https://www.camara.leg.br/internet/ordemdodia/integras/2417006.htm
10;https://www.camara.leg.br/noticias/1057055-governo-quer-substituir-saque-aniversario-do-fgts-por-consignado-com-juros-mais-baixos;https://escriba.camara.leg.br/escriba-servicosweb/html/72537;https://www.camara.leg.br/internet/ordemdodia/integras/2416014.htm
11;https://www.camara.leg.br/noticias/1026668-ESPECIALISTAS-REFORCAM-ALERTAS-DE-SECA-SEVERA-E-RISCOS-DE-DESERTIFICACAO-NO-NORDESTE;https://escriba.camara.leg.br/escriba-servicosweb/html/71477;https://www.camara.leg.br/internet/ordemdodia/integras/2376561.htm
12;https://www.camara.leg.br/noticias/1027933-MULHERES-COM-DEFICIENCIA-SAO-AS-MAIORES-VITIMAS-DE-VIOLACOES-DE-DIREITOS,-APONTAM-ESPECIALISTAS;https://escriba.camara.leg.br/escriba-servicosweb/html/71558;https://www.camara.leg.br/internet/ordemdodia/integras/2379121.htm
13;https://www.camara.leg.br/noticias/1028000-AUTORIDADES-COBRAM-A-JUSTICA-PARA-DESTRAVAR-RENEGOCIACAO-COM-MINERADORAS-SOBRE-REPARACAO-EM-MARIANA;https://escriba.camara.leg.br/escriba-servicosweb/html/71535;https://www.camara.leg.br/internet/ordemdodia/integras/2380143.htm
14;https://www.camara.leg.br/noticias/1028499-VITIMAS-E-AUTORIDADES-DIVERGEM-SOBRE-REPARACOES-DO-CRIME-SOCIOAMBIENTAL-DA-BRASKEM-EM-MACEIO;https://escriba.camara.leg.br/escriba-servicosweb/html/71543;https://www.camara.leg.br/internet/ordemdodia/integras/2380295.htm
15;https://www.camara.leg.br/noticias/1015019-deputados-de-oposicao-protestam-contra-obrigatoriedade-de-vacinacao-contra-covid-em-criancas;https://escriba.camara.leg.br/escriba-servicosweb/html/70949;https://www.camara.leg.br/internet/ordemdodia/integras/2358031.htm
16;https://www.camara.leg.br/noticias/1023136-ministro-dos-direitos-humanos-rebate-denuncias-da;https://escriba.camara.leg.br/escriba-servicosweb/html/71423;https://www.camara.leg.br/internet/ordemdodia/integras/2373654.htm
17;https://www.camara.leg.br/noticias/1023563-em-seminario-na-camara-especialistas-discordam-sobre-ativismo-judicial/;https://escriba.camara.leg.br/escriba-servicosweb/html/70835;
18;https://www.camara.leg.br/noticias/1024999-presidente-da-capes-pede-extra-de-r-150-milhoes-para-financiar-a-formacao-de-professores/;https://escriba.camara.leg.br/escriba-servicosweb/html/71358;https://www.camara.leg.br/internet/ordemdodia/integras/2373805.htm
19;https://www.camara.leg.br/noticias/1026435-CAMARA-PODE-CRIAR-GRUPO-PARA-ESTUDAR-PROPOSTA-QUE-REDUZ-VELOCIDADE-MEDIA-DAS-VIAS-URBANAS;https://escriba.camara.leg.br/escriba-servicosweb/html/71361;https://www.camara.leg.br/internet/ordemdodia/integras/2374565.htm
20;https://www.camara.leg.br/noticias/956973-debatedores-defendem-uniao-de-povos-originarios-e-tradicionais-para-evitar-perda-de-direitos/;https://escriba.camara.leg.br/escriba-servicosweb/html/71492;https://www.camara.leg.br/internet/ordemdodia/integras/2382782.htm
21;https://www.camara.leg.br/noticias/1048786-empregados-da-caixa-e-lotericos-temem-possivel;https://escriba.camara.leg.br/escriba-servicosweb/html/72254;https://www.camara.leg.br/internet/ordemdodia/integras/2403391.htm
22;https://www.camara.leg.br/noticias/973598-DEBATEDORES-APONTAM-NECESSIDADE-DE-MAIS-REGULAMENTACAO-DO-E-COMMERCE,-ESPECIALMENTE-PARA-IMPORTACOES;https://escriba.camara.leg.br/escriba-servicosweb/html/68573;https://www.camara.leg.br/internet/ordemdodia/integras/2292048.htm
23;https://www.camara.leg.br/noticias/1055219-DEBATEDORES-DEFENDEM-MEDIDAS-PARA-IMPULSIONAR-USO-DO-BIOMETANO-NO-BRASIL;https://escriba.camara.leg.br/escriba-servicosweb/html/72348;https://www.camara.leg.br/internet/ordemdodia/integras/2412059.htm
24;https://www.camara.leg.br/noticias/1051556-DEPUTADOS,-ALUNOS-E-PROFESSORES-DEFENDEM-ENSINO-DE-FILOSOFIA-E-SOCIOLOGIA-NA-REDE-PUBLICA;https://escriba.camara.leg.br/escriba-servicosweb/html/72245;https://www.camara.leg.br/internet/ordemdodia/integras/2405812.htm
25;https://www.camara.leg.br/noticias/1028093-DEBATEDORES-APONTAM-URGENCIA-PARA-SOCORRER-PRODUTORES-DO-NORTE-DE-MINAS-EM-SECA-SEM-PRECEDENTES;https://escriba.camara.leg.br/escriba-servicosweb/html/71728;https://www.camara.leg.br/internet/ordemdodia/integras/2378978.htm
26;https://www.camara.leg.br/noticias/1026290-DEBATEDORES-DEFENDEM-INCLUSAO-DA-ECONOMIA-DO-CUIDADO-NAS-CONTAS-DO-PIB;https://escriba.camara.leg.br/escriba-servicosweb/html/71566;https://www.camara.leg.br/internet/ordemdodia/integras/2392354.htm
27;https://www.camara.leg.br/noticias/1025191-DEBATEDORES-APONTAM-QUE-USO-DA-INTELIGENCIA-ARTIFICIAL-PODE-AFETAR-RESULTADO-ELEITORAL;https://escriba.camara.leg.br/escriba-servicosweb/html/71567;https://www.camara.leg.br/internet/ordemdodia/integras/2373802.htm
28;https://www.camara.leg.br/noticias/1020882-MONTADORAS-E-OFICINAS-REIVINDICAM-LEI-SOBRE-EQUIPAMENTOS-E-SOFTWARES-PARA-DIAGNOSTICO-E-REPARO-DE-CARROS;https://escriba.camara.leg.br/escriba-servicosweb/html/71200;https://www.camara.leg.br/internet/ordemdodia/integras/2367570.htm
29;https://www.camara.leg.br/noticias/1019277-DEBATEDORES-APONTAM-MEDIDAS-PARA-REDUZIR-MORTES-VIOLENTAS-DE-JOVENS-NEGROS;https://escriba.camara.leg.br/escriba-servicosweb/html/71166;https://www.camara.leg.br/internet/ordemdodia/integras/2363939.htm
30;https://www.camara.leg.br/noticias/1018130-DEBATEDORES-PEDEM-INCLUSAO-DE-EMENDAS-NA-LDO-PARA-COMBATER-VIOLENCIA-CONTRA-CRIANCAS-E-ADOLESCENTES;https://escriba.camara.leg.br/escriba-servicosweb/html/71158;https://www.camara.leg.br/internet/ordemdodia/integras/2361240.htm
31;https://www.camara.leg.br/noticias/1015527-ESPECIALISTAS-DEFENDEM-TRANSFORMACAO-DE-PROGRAMA-DE-FORMACAO-DE-PROFESSORES-EM-POLITICA-DE-ESTADO;https://escriba.camara.leg.br/escriba-servicosweb/html/70779;https://www.camara.leg.br/internet/ordemdodia/integras/2358044.htm
32;https://www.camara.leg.br/noticias/1012679-DEBATEDORES-CRITICAM-OBSTACULOS-PARA-ACOLHIMENTO-DE-MIGRANTES-NO-BRASIL;https://escriba.camara.leg.br/escriba-servicosweb/html/70763;https://www.camara.leg.br/internet/ordemdodia/integras/2354620.htm
33;https://www.camara.leg.br/noticias/1011386-DEBATEDORES-DEFENDEM-DIPLOMA-DE-JORNALISMO-COMO-REMEDIO-CONTRA-NOTICIAS-FALSAS;https://escriba.camara.leg.br/escriba-servicosweb/html/70024;https://www.camara.leg.br/internet/ordemdodia/integras/2353397.htm
34;https://www.camara.leg.br/noticias/1000464-DEBATEDORES-ALERTAM-PARA-IMPACTOS-NOCIVOS-DAS-TELAS-NA-SAUDE-MENTAL-DE-JOVENS;https://escriba.camara.leg.br/escriba-servicosweb/html/69742;https://www.camara.leg.br/internet/ordemdodia/integras/2340556.htm
35;https://www.camara.leg.br/noticias/993715-ESPECIALISTAS-SUGEREM-PRAZO-MAIOR-PARA-REGISTRO-DE-CANDIDATURAS-EM-MINIRREFORMA-ELEITORAL;https://escriba.camara.leg.br/escriba-servicosweb/html/69632;https://www.camara.leg.br/internet/ordemdodia/integras/2322431.htm
36;https://www.camara.leg.br/noticias/993901-REGULACAO-ECONOMICA-DA-PRATICAGEM-NO-BRASIL-POE-DE-LADOS-OPOSTOS-CONTRATANTES-E-PROFISSIONAIS;https://escriba.camara.leg.br/escriba-servicosweb/html/69567;https://www.camara.leg.br/internet/ordemdodia/integras/2323001.htm
37;https://www.camara.leg.br/noticias/990305-SECRETARIA-NACIONAL-DE-PARADESPORTO-PEDE-MAIS-ORCAMENTO-E-ESTRUTURA-PARA-OS-ATLETAS-COM-DEFICIENCIA;https://escriba.camara.leg.br/escriba-servicosweb/html/69165;https://www.camara.leg.br/internet/ordemdodia/integras/2317215.htm
38;https://www.camara.leg.br/noticias/987501-DEBATEDORES-DEFENDEM-TRIBUTACAO-ESPECIAL-PARA-A-CADEIA-DO-VINHO;https://escriba.camara.leg.br/escriba-servicosweb/html/69011;https://www.camara.leg.br/internet/ordemdodia/integras/2314843.htm
39;https://www.camara.leg.br/noticias/987446-DEBATEDORES-REFUTAM-TESE-DO-PODER-MODERADOR-DAS-FORCAS-ARMADAS-EM-SEMINARIO-NA-CCJ;https://escriba.camara.leg.br/escriba-servicosweb/html/69024;
40;https://www.camara.leg.br/noticias/984043-DEBATEDORES-PEDEM-POLITICAS-PUBLICAS-PARA-LEVAR-ARTES-MARCIAIS-AS-ESCOLAS;https://escriba.camara.leg.br/escriba-servicosweb/html/68929;https://www.camara.leg.br/internet/ordemdodia/integras/2307534.htm
41;https://www.camara.leg.br/noticias/975962-DEBATEDORES-PEDEM-APROVACAO-DE-ACORDO-SOBRE-PROTECAO-DOS-DIREITOS-DE-PESSOAS-IDOSAS;https://escriba.camara.leg.br/escriba-servicosweb/html/67910;https://www.camara.leg.br/internet/ordemdodia/integras/2294139.htm
42;https://www.camara.leg.br/noticias/972055-DEBATEDORES-REIVINDICAM-APROVACAO-DE-PEC-QUE-CRIA-TARIFA-ZERO-NO-TRANSPORTE-PUBLICO;https://escriba.camara.leg.br/escriba-servicosweb/html/68379;https://www.camara.leg.br/internet/ordemdodia/integras/2290190.htm
43;https://www.camara.leg.br/noticias/969994-DEPUTADOS-DEFENDEM-DEBATE-COM-A-DEFESA-SOBRE-MUDANCAS-NO-SISTEMA-DE-PROTECAO-SOCIAL-DOS-MILITARES;https://escriba.camara.leg.br/escriba-servicosweb/html/68157;https://www.camara.leg.br/internet/ordemdodia/integras/2285523.htm
44;https://www.camara.leg.br/noticias/967744-IBAMA-VAI-EXAMINAR-NOVO-PEDIDO-DA-PETROBRAS-PARA-PROSPECTAR-PETROLEO-PERTO-DA-FOZ-DO-RIO-AMAZONAS;https://escriba.camara.leg.br/escriba-servicosweb/html/68200;https://www.camara.leg.br/internet/ordemdodia/integras/2282214.htm
45;https://www.camara.leg.br/noticias/985059-GOVERNO-LULA-VAI-RETOMAR-REFORMA-AGRARIA,-DIZ-MINISTRO-NA-CPI-DO-MST;https://escriba.camara.leg.br/escriba-servicosweb/html/69169;https://www.camara.leg.br/internet/ordemdodia/integras/2309785.htm
46;https://www.camara.leg.br/noticias/896973-DEPUTADO-QUER-GARANTIR-APLICACAO-DE-RECURSOS-DO-FUST-PARA-CONECTAR-MEIO-RURAL;https://escriba.camara.leg.br/escriba-servicosweb/html/66085;https://www.camara.leg.br/internet/ordemdodia/integras/2217924.htm
47;https://www.camara.leg.br/noticias/987389-DEBATEDORES-COMEMORAM-MELHORIA-NO-CENARIO-CULTURAL-COM-A-IMPLANTACAO-DA-LEI-PAULO-GUSTAVO;https://escriba.camara.leg.br/escriba-servicosweb/html/69001;https://www.camara.leg.br/internet/ordemdodia/integras/2313705.htm
48;https://www.camara.leg.br/noticias/1001878-PROPOSTA-QUE-PROIBE-A-UNIAO-DE-PESSOAS-DO-MESMO-SEXO-E-CRITICADA-EM-AUDIENCIA-PUBLICA;https://escriba.camara.leg.br/escriba-servicosweb/html/70156;https://www.camara.leg.br/internet/ordemdodia/integras/2334165.htm
49;https://www.camara.leg.br/noticias/1059486-ANTT-ESTUDA-ESTENDER-EM-15-ANOS-CONCESSAO-DA-BR-101-EM-SC-PARA-INCLUIR-OBRA-E-CONTER-DESLIZAMENTOS;https://escriba.camara.leg.br/escriba-servicosweb/html/72700;https://www.camara.leg.br/internet/ordemdodia/integras/2417697.htm
50;https://www.camara.leg.br/noticias/966357-ESPECIALISTAS-DEFENDEM-ATUALIZACAO-DE-PROTOCOLOS-DE-TRATAMENTO-PARA-AIDS-E-HEPATITES-VIRAIS;https://escriba.camara.leg.br/escriba-servicosweb/html/68071;https://www.camara.leg.br/internet/ordemdodia/integras/2278004.htm
51;https://www.camara.leg.br/noticias/965842-EXTENSAO-UNIVERSITARIA-DEPENDE-DE-FINANCIAMENTO-PERMANENTE,-DEFENDEM-DEBATEDORES;https://escriba.camara.leg.br/escriba-servicosweb/html/67777;https://www.camara.leg.br/internet/ordemdodia/integras/2278763.htm
52;https://www.camara.leg.br/noticias/963513-EDUCACAO,-LEGISLACAO-E-CONVIVENCIA-ENTRE-AS-GERACOES-PODEM-DIMINUIR-PRECONCEITO-CONTRA-IDOSOS;https://escriba.camara.leg.br/escriba-servicosweb/html/67778;https://www.camara.leg.br/internet/ordemdodia/integras/2274274.htm
53;https://www.camara.leg.br/noticias/962463-DEBATEDORES-DEFENDEM-PARTICIPACAO-DE-PESSOAS-COM-DEFICIENCIA-NOS-PROJETOS-CULTURAIS-PARA-GARANTIR-INCLUSAO;https://escriba.camara.leg.br/escriba-servicosweb/html/67883;https://www.camara.leg.br/internet/ordemdodia/integras/2273244.htm
54;https://www.camara.leg.br/noticias/956540-DEBATEDORES-APONTAM-ABUSOS-EM-CADASTROS-DE-CONSUMIDORES-FEITOS-POR-FARMACIAS;https://escriba.camara.leg.br/escriba-servicosweb/html/67618;https://www.camara.leg.br/internet/ordemdodia/integras/2264792.htm
55;https://www.camara.leg.br/noticias/955138-SINDICATOS-CRITICAM-INCIDENCIA-DE-CONTRIBUICAO-DE-INATIVOS-SOBRE-VALORES-ACIMA-DO-MINIMO;https://escriba.camara.leg.br/escriba-servicosweb/html/67581;https://www.camara.leg.br/internet/ordemdodia/integras/2262633.htm
56;https://www.camara.leg.br/noticias/954714-ESPECIALISTAS-APONTAM-AUMENTO-DO-SEDENTARISMO-COMO-REFLEXO-DA-PANDEMIA-DE-COVID-19;https://escriba.camara.leg.br/escriba-servicosweb/html/67496;https://www.camara.leg.br/internet/ordemdodia/integras/2261112.htm
57;https://www.camara.leg.br/noticias/954474-GUARDAS-ARMADOS-NAO-RESOLVEM-PROBLEMA-DE-VIOLENCIA-NAS-ESCOLAS,-DIZEM-ESPECIALISTAS;https://escriba.camara.leg.br/escriba-servicosweb/html/67638;https://www.camara.leg.br/internet/ordemdodia/integras/2261520.htm
58;https://www.camara.leg.br/noticias/954260-DEBATEDORES-DIZEM-QUE-MULHERES-NEGRAS-E-POBRES-SAO-MAIORES-VITIMAS-VIOLENCIA-OBSTETRICA;https://escriba.camara.leg.br/escriba-servicosweb/html/67598;https://www.camara.leg.br/internet/ordemdodia/integras/2260092.htm
59;https://www.camara.leg.br/noticias/953856-PESCADORES-COBRAM-REPARACAO-POR-ROMPIMENTO-DE-BARRAGEM-EM-MARIANA,-OCORRIDA-EM-2015;https://escriba.camara.leg.br/escriba-servicosweb/html/67631;https://www.camara.leg.br/internet/ordemdodia/integras/2260003.htm
60;https://www.camara.leg.br/noticias/925450-ESPECIALISTAS-APONTAM-BENEFICIOS-E-DESAFIOS-DE-NOVO-PROGRAMA-DO-SUS-PARA-O-ATENDIMENTO-A-IDOSOS;https://escriba.camara.leg.br/escriba-servicosweb/html/66707;https://www.camara.leg.br/internet/ordemdodia/integras/2220816.htm
61;https://www.camara.leg.br/noticias/923746-ENTIDADES-PATRONAIS-DEFENDEM-POLITICA-DE-RETOMADA-DO-SETOR-INDUSTRIAL;https://escriba.camara.leg.br/escriba-servicosweb/html/66758;
62;https://www.camara.leg.br/noticias/923286-DEBATEDORES-COBRAM-OFERTA-GRATUITA-DE-NOVOS-MEDICAMENTOS-PARA-TRATAR-AMILOIDOSE-NO-SUS;https://escriba.camara.leg.br/escriba-servicosweb/html/66665;
63;https://www.camara.leg.br/noticias/919973-ENTIDADES-DE-DEFESA-DOS-IDOSOS-COBRAM-MAIS-ATENCAO-DO-ESTADO-COM-INSTITUICOES-DE-LONGA-PERMANENCIA;https://escriba.camara.leg.br/escriba-servicosweb/html/66630;https://www.camara.leg.br/internet/ordemdodia/integras/2216292.htm
64;https://www.camara.leg.br/noticias/917944-DEBATEDORES-PEDEM-MAIS-FOMENTO-E-ESTRUTURA-PARA-TURISMO-RELIGIOSO;https://escriba.camara.leg.br/escriba-servicosweb/html/66516;https://www.camara.leg.br/internet/ordemdodia/integras/2213382.htm
65;https://www.camara.leg.br/noticias/906739-JUIZ-NEGA-INTENCAO-DE-CONSELHO-DE-EXTINGUIR-VARAS-DA-JUSTICA-DO-TRABALHO;https://escriba.camara.leg.br/escriba-servicosweb/html/66323;https://www.camara.leg.br/internet/ordemdodia/integras/2205780.htm
66;https://www.camara.leg.br/noticias/905351-PARA-DEBATEDORES,-FINANCIAMENTO-DE-SEGUNDO-IMOVEL-IMPOE-RISCO-AO-FGTS;https://escriba.camara.leg.br/escriba-servicosweb/html/66349;https://www.camara.leg.br/internet/ordemdodia/integras/2204527.htm
67;https://www.camara.leg.br/noticias/905200-EM-AUDIENCIA-NA-CAMARA,-TRABALHADORES-COM-LESAO-PEDEM-MAIOR-TEMPO-DE-ESTABILIDADE;https://escriba.camara.leg.br/escriba-servicosweb/html/66342;https://www.camara.leg.br/internet/ordemdodia/integras/2216649.htm
68;https://www.camara.leg.br/noticias/903804-DEBATEDORES-APONTAM-FALHAS-NO-PROTOCOLO-DO-SUS-PARA-O-TRATAMENTO-DA-RETINOPATIA-DIABETICA;https://escriba.camara.leg.br/escriba-servicosweb/html/66306;https://www.camara.leg.br/internet/ordemdodia/integras/2203590.htm
69;https://www.camara.leg.br/noticias/902305-DEBATEDORES-DEFENDEM-ENGAJAMENTO-DE-JOVENS-NA-POLITICA-PARA-COMBATER-ATAQUES-A-DEMOCRACIA;https://escriba.camara.leg.br/escriba-servicosweb/html/66268;https://www.camara.leg.br/internet/ordemdodia/integras/2202343.htm
70;https://www.camara.leg.br/noticias/901399-DEPUTADOS-E-AMBIENTALISTAS-CRITICAM-INSTALACAO-DE-TERMELETRICAS-NO-RJ-SEM-ESTUDOS-AMBIENTAIS;https://escriba.camara.leg.br/escriba-servicosweb/html/66246;
71;https://www.camara.leg.br/noticias/898620-DEBATEDORES-CRITICAM-VENDA-DE-REFINARIA-DA-PETROBRAS-EM-MINAS-GERAIS;https://escriba.camara.leg.br/escriba-servicosweb/html/65939;https://www.camara.leg.br/internet/ordemdodia/integras/2199212.htm
72;https://www.camara.leg.br/noticias/898160-DEBATEDORES-DEFENDEM-RESPONSABILIDADE-DE-GRANDES-EMPRESAS-PELO-TRABALHO-ESCRAVO-DAS-SUBCONTRATADAS;https://escriba.camara.leg.br/escriba-servicosweb/html/66055;https://www.camara.leg.br/internet/ordemdodia/integras/2199287.htm
73;https://www.camara.leg.br/noticias/897707-DEBATEDORES-DEFENDEM-SEGURO-DE-VIDA-MAIS-FLEXIVEL-PARA-IDOSOS;https://escriba.camara.leg.br/escriba-servicosweb/html/65492;https://www.camara.leg.br/internet/ordemdodia/integras/2198199.htm
74;https://www.camara.leg.br/noticias/896694-DEBATEDORES-APONTAM-DESAFIOS-PARA-IMPLEMENTACAO-PLENA-DO-ECA;https://escriba.camara.leg.br/escriba-servicosweb/html/66147;https://www.camara.leg.br/internet/ordemdodia/integras/2198407.htm
75;https://www.camara.leg.br/noticias/895617-DEBATEDORAS-CRITICAM-MEDIDA-PROVISORIA-QUE-PREVE-O-USO-DO-FGTS-PARA-FINANCIAR-CRECHES;https://escriba.camara.leg.br/escriba-servicosweb/html/66035;https://www.camara.leg.br/internet/ordemdodia/integras/2196906.htm
76;https://www.camara.leg.br/noticias/895583-PESQUISADORES-CRITICAM-APAGAO-DE-DADOS-SOBRE-SAUDE-MENTAL-NO-PAIS;https://escriba.camara.leg.br/escriba-servicosweb/html/65968;https://www.camara.leg.br/internet/ordemdodia/integras/2197445.htm
77;https://www.camara.leg.br/noticias/892589-PARTICIPANTES-DE-AUDIENCIA-DEFENDEM-FINANCIAMENTO-FEDERAL-DO-TRANSPORTE-COLETIVO-URBANO;https://escriba.camara.leg.br/escriba-servicosweb/html/65833;https://www.camara.leg.br/internet/ordemdodia/integras/2193603.htm
78;https://www.camara.leg.br/noticias/891618-VENDA-DA-UNIDADE-DE-INDUSTRIALIZACAO-DO-XISTO-NO-PARANA-PELA-PETROBRAS-E-ALVO-DE-CRITICAS;https://escriba.camara.leg.br/escriba-servicosweb/html/65876;https://www.camara.leg.br/internet/ordemdodia/integras/2192072.htm
79;https://www.camara.leg.br/noticias/891563-ENTIDADES-LIGADAS-AO-FISCO-APONTAM-FALHAS-NO-PROJETO-DE-CODIGO-DE-DEFESA-DOS-CONTRIBUINTES;https://escriba.camara.leg.br/escriba-servicosweb/html/65864;https://www.camara.leg.br/internet/ordemdodia/integras/2194387.htm
80;https://www.camara.leg.br/noticias/891467-RELATOR-APRESENTARA-NOVA-VERSAO-PARA-A-REGULAMENTACAO-DO-LOBBY;https://escriba.camara.leg.br/escriba-servicosweb/html/65732;https://www.camara.leg.br/internet/ordemdodia/integras/2192589.htm
81;https://www.camara.leg.br/noticias/891472-DIPLOMACIA-MANTEM-O-FORNECIMENTO-DE-FERTILIZANTES-PARA-O-BRASIL,-DIZ-GOVERNO;https://escriba.camara.leg.br/escriba-servicosweb/html/65885;https://www.camara.leg.br/internet/ordemdodia/integras/2206484.htm
82;https://www.camara.leg.br/noticias/891054-ARTISTAS-DA-TRADICAO-ORAL-COBRAM-APROVACAO-DE-PROJETO-QUE-VALORIZA-CULTURA-POPULAR;https://escriba.camara.leg.br/escriba-servicosweb/html/65778;https://www.camara.leg.br/internet/ordemdodia/integras/2191833.htm
83;https://www.camara.leg.br/noticias/890168-ESPECIALISTAS-APONTAM-ACESSO-A-MORADIA-COMO-PORTA-DE-ENTRADA-DOS-DEMAIS-DIREITOS-DA-POPULACAO-DE-RUA;https://escriba.camara.leg.br/escriba-servicosweb/html/65422;https://www.camara.leg.br/internet/ordemdodia/integras/2191441.htm
84;https://www.camara.leg.br/noticias/886492-SERVICO-DE-FAMILIAS-ACOLHEDORAS-PRECISA-SER-AMPLIADO-NO-BRASIL,-DEFENDEM-PARTICIPANTES-DE-AUDIENCIA;https://escriba.camara.leg.br/escriba-servicosweb/html/65677;https://www.camara.leg.br/internet/ordemdodia/integras/2186543.htm
85;https://www.camara.leg.br/noticias/520599-DIFICULDADES-PARA-FINANCIAR-EDUCACAO-PODEM-GERAR-DISTORCOES-SOCIAIS-AINDA-MAIORES,-AFIRMAM-DEBATEDORES;https://www.camara.leg.br/internet/sitaqweb/TextoHTML.asp?etapa=11&tpReuniaoEvento=AP%20c/%20Convidado&dtReuniao=15/08/2017&hrInicio=14:50:00&hrFim=17:12:00&origemDiscurso=&nmLocal=Plen%C3%A1rio%20Principal%20-%20CD&nuSessao=1047/17&nuQuarto=0&nuOrador=0&nuInsercao=0&dtHorarioQuarto=14:50&sgFaseSessao=&Data=15/08/2017&txApelido=&txFaseSessao=&txTipoSessao=Permanente&dtHoraQuarto=14:50&txEtapa=;
86;https://www.camara.leg.br/noticias/1053981-SEGURADORAS-PROPOEM-NOVAS-COBERTURAS-DIANTE-DE-CATASTROFES-CLIMATICAS;https://escriba.camara.leg.br/escriba-servicosweb/html/72457;https://www.camara.leg.br/internet/ordemdodia/integras/2410397.htm
87;https://www.camara.leg.br/noticias/1056586-RELATORIO-DA-REGULAMENTACAO-DO-TRABALHO-DE-MOTORISTAS-DE-APLICATIVO-DEVE-SER-APRESENTADO-ANTES-DO-RECESSO;https://escriba.camara.leg.br/escriba-servicosweb/html/72572;https://www.camara.leg.br/internet/ordemdodia/integras/2416559.htm
88;https://www.camara.leg.br/noticias/880410-PESQUISADORES-TEMEM-QUE-APROVACAO-DE-MEDIDA-PROVISORIA-REDUZA-INVESTIMENTOS-EM-PESQUISA-E-INOVACAO;https://escriba.camara.leg.br/escriba-servicosweb/html/65312;https://www.camara.leg.br/internet/ordemdodia/integras/2176976.htm
89;https://www.camara.leg.br/noticias/880275-DEBATEDORES-PEDEM-POLITICAS-PUBLICAS-DE-PROTECAO-AS-MULHERES-E-CRIANCAS-INDIGENAS;https://escriba.camara.leg.br/escriba-servicosweb/html/65259;https://www.camara.leg.br/internet/ordemdodia/integras/2176542.htm
90;https://www.camara.leg.br/noticias/877677-DEBATEDORES-SUGEREM-MEDIDAS-PARA-COMBATER-O-ASSEDIO-SEXUAL-DE-JOVENS-ATLETAS;https://escriba.camara.leg.br/escriba-servicosweb/html/65186;https://www.camara.leg.br/internet/ordemdodia/integras/2173328.htm
91;https://www.camara.leg.br/noticias/875225-TARIFA-REPRESADA-NA-PANDEMIA-LEVOU-A-REAJUSTES-DE-ATE-25-NA-CONTA-DE-LUZ,-DIZEM-DISTRIBUIDORES-EM-DEBATE;https://escriba.camara.leg.br/escriba-servicosweb/html/65088;https://www.camara.leg.br/internet/ordemdodia/integras/2169694.htm
92;https://www.camara.leg.br/noticias/866305-ESPECIALISTAS-DEFENDEM-QUE-ESTATUTO-DO-APRENDIZ-SEJA-FOCADO-EM-ADOLESCENTES;https://escriba.camara.leg.br/escriba-servicosweb/html/64866;https://www.camara.leg.br/internet/ordemdodia/integras/2157764.htm
93;https://www.camara.leg.br/noticias/857397-ESPECIALISTAS-SUGEREM-MUDANCAS-EM-PROJETO-SOBRE-ENSINO-SUPERIOR-E-FORMACAO-TECNICA-PROFISSIONAL;https://escriba.camara.leg.br/escriba-servicosweb/html/64735;https://www.camara.leg.br/internet/ordemdodia/integras/2147543.htm
94;https://www.camara.leg.br/noticias/840546-DEBATEDORES-CRITICAM-COBRANCAS-DE-VALORES-DIFERENCIADOS-DE-PLANOS-DE-SAUDE-PARA-IDOSOS;https://escriba.camara.leg.br/escriba-servicosweb/html/64528;https://www.camara.leg.br/internet/ordemdodia/integras/2126783.htm
95;https://www.camara.leg.br/noticias/833999-DEBATEDORES-DESTACAM-COMPLEXIDADE-NO-LICENCIAMENTO-DE-HIDRELETRICAS-NA-REGIAO-NORTE;https://escriba.camara.leg.br/escriba-servicosweb/html/64054;https://www.camara.leg.br/internet/ordemdodia/integras/2115753.htm
96;https://www.camara.leg.br/noticias/832625-PARTICIPANTES-DE-AUDIENCIA-PUBLICA-DIVERGEM-SOBRE-PROPOSTA-QUE-ENQUADRA-TDAH-COMO-DEFICIENCIA;https://escriba.camara.leg.br/escriba-servicosweb/html/64204;https://www.camara.leg.br/internet/ordemdodia/integras/2113036.htm
97;https://www.camara.leg.br/noticias/831313-SETOR-AUTOMOTIVO-CRITICA-POLITICA-INDUSTRIAL-BRASILEIRA-EM-DEBATE-NA-CAMARA;https://escriba.camara.leg.br/escriba-servicosweb/html/64076;https://www.camara.leg.br/internet/ordemdodia/integras/2111692.htm
98;https://www.camara.leg.br/noticias/828630-PROCURADOR-E-DELEGADOS-COBRAM-ACESSO-A-DADOS-PARA-COMBATER-CRIMES-DIGITAIS;https://escriba.camara.leg.br/escriba-servicosweb/html/63913;
99;https://www.camara.leg.br/noticias/1056658-CRIANCAS-E-MULHERES-SAO-AS-MAIORES-VITIMAS-DA-GUERRA-NA-FAIXA-DE-GAZA,-RESSALTAM-DEBATEDORES;https://escriba.camara.leg.br/escriba-servicosweb/html/72598;https://www.camara.leg.br/internet/ordemdodia/integras/2414345.htm
100;https://www.camara.leg.br/noticias/1056016-AUTORIDADES-DEFENDEM-ACESSO-DIRETO-A-DADOS-DE-CONEXAO-DE-ABUSADORES-DE-CRIANCAS;https://escriba.camara.leg.br/escriba-servicosweb/html/72339;https://www.camara.leg.br/internet/ordemdodia/integras/2414163.htm
101;https://www.camara.leg.br/noticias/1055272-TORCIDAS-ORGANIZADAS-PEDEM-MUDANCAS-NA-LEI-GERAL-DO-ESPORTE;https://escriba.camara.leg.br/escriba-servicosweb/html/72264;https://www.camara.leg.br/internet/ordemdodia/integras/2413991.htm
102;https://www.camara.leg.br/noticias/1053003-GOVERNO-REFORCA-IMPORTANCIA-COMERCIAL-DE-REDUZIR-EMISSOES-DE-CARBONO-EM-TERMINAIS-MARITIMOS;https://escriba.camara.leg.br/escriba-servicosweb/html/72378;https://www.camara.leg.br/internet/ordemdodia/integras/2408296.htm
103;https://www.camara.leg.br/noticias/1052763-LEWANDOWSKI:-FUGA-DE-PRESIDIO-EM-MOSSORO-FOI-UNICA-E-NAO-SE-REPETIRA;https://escriba.camara.leg.br/escriba-servicosweb/html/72478;https://www.camara.leg.br/internet/ordemdodia/integras/2408388.htm
104;https://www.camara.leg.br/noticias/1052639-DEPUTADOS-REAFIRMAM-INTERESSE-DA-CAMARA-EM-PARTICIPAR-DE-DEFINICAO-DAS-REGRAS-DE-RENOVACAO-DAS-CONCESSOES-DAS-DISTRIBUIDORAS;https://escriba.camara.leg.br/escriba-servicosweb/html/72212;https://www.camara.leg.br/internet/ordemdodia/integras/2408954.htm
105;https://www.camara.leg.br/noticias/1051454-SUS-PRECISA-ATUALIZAR-PROTOCOLO-DE-TRATAMENTO-DE-EDEMA-MACULAR-DIABETICO,-COBRAM-ESPECIALISTAS;https://escriba.camara.leg.br/escriba-servicosweb/html/72246;https://www.camara.leg.br/internet/ordemdodia/integras/2410064.htm
106;https://www.camara.leg.br/noticias/1051494-GOVERNO-SINALIZA-MUDANCAS-NO-SEGURO-RURAL-PARA-ATENDER-PRODUTORES-DE-VARIAS-CULTURAS;https://escriba.camara.leg.br/escriba-servicosweb/html/72349;https://www.camara.leg.br/internet/ordemdodia/integras/2406055.htm
107;https://www.camara.leg.br/noticias/1050932-GESTORES-DA-DEFESA-CIVIL-REIVINDICAM-MELHORIAS-NA-INFRAESTRUTURA-DE-PREVENCAO-A-DESASTRES;https://escriba.camara.leg.br/escriba-servicosweb/html/72342;https://www.camara.leg.br/internet/ordemdodia/integras/2407724.htm
108;https://www.camara.leg.br/noticias/1050827-REPRESENTANTES-DO-SETOR-DE-TURISMO-PEDEM-MANUTENCAO-DE-INCENTIVOS;https://escriba.camara.leg.br/escriba-servicosweb/html/72258;https://www.camara.leg.br/internet/ordemdodia/integras/2405430.htm
109;https://www.camara.leg.br/noticias/1050690-MINISTRO-DA-INTEGRACAO-AFIRMA-QUE-PLANO-NACIONAL-DE-DEFESA-CIVIL-SAI-NO-SEGUNDO-SEMESTRE;https://escriba.camara.leg.br/escriba-servicosweb/html/72208;https://www.camara.leg.br/internet/ordemdodia/integras/2405261.htm
110;https://www.camara.leg.br/noticias/1050147-DEPUTADOS-COBRAM-PRIORIDADE-PARA-AGENDA-DO-ENVELHECIMENTO-SAUDAVEL-NO-G20;https://escriba.camara.leg.br/escriba-servicosweb/html/72228;https://www.camara.leg.br/internet/ordemdodia/integras/2404007.htm
111;https://www.camara.leg.br/noticias/1047255-ESPECIALISTAS-AFIRMAM-QUE-EDUCACAO-BILINGUE-PARA-SURDOS-REQUER-METODOLOGIA-PROPRIA;https://escriba.camara.leg.br/escriba-servicosweb/html/72073;https://www.camara.leg.br/internet/ordemdodia/integras/2400456.htm
112;https://www.camara.leg.br/noticias/1045993-REGULAMENTACAO-DO-TRABALHO-DE-MOTORISTAS-DE-APLICATIVO-NAO-TEM-CONSENSO-ENTRE-PROFISSIONAIS-DO-SETOR;https://escriba.camara.leg.br/escriba-servicosweb/html/72116;https://www.camara.leg.br/internet/ordemdodia/integras/2398291.htm
113;https://www.camara.leg.br/noticias/1045622-MINISTERIOS-DETALHAM-NA-CAMARA-ACOES-DE-PREVENCAO-DE-DESASTRES-NATURAIS-E-AUXILIO-A-POPULACAO;https://escriba.camara.leg.br/escriba-servicosweb/html/72137;https://www.camara.leg.br/internet/ordemdodia/integras/2397770.htm
114;https://www.camara.leg.br/noticias/1044997-COMISSAO-PLANEJA-ERRADICACAO-DA-TUBERCULOSE-POR-MEIO-DE-VACINA,-FINANCIAMENTO-E-PROGRAMA-PILOTO;https://escriba.camara.leg.br/escriba-servicosweb/html/71878;https://www.camara.leg.br/internet/ordemdodia/integras/2396663.htm
115;https://www.camara.leg.br/noticias/1040560-COLAPSO-CLIMATICO-JA-COMECOU-E-EXIGE-MEDIDAS-URGENTES,-DIZEM-CIENTISTAS-NA-CAMARA;https://escriba.camara.leg.br/escriba-servicosweb/html/71921;https://www.camara.leg.br/internet/ordemdodia/integras/2391895.htm
116;https://www.camara.leg.br/noticias/1025837-CHANCELER-BRASILEIRO-DIZ-QUE-REUNIAO-ENTRE-VENEZUELA-E-GUIANA-E-UM-PASSO-PARA-O-ENTENDIMENTO;https://escriba.camara.leg.br/escriba-servicosweb/html/71515;https://www.camara.leg.br/internet/ordemdodia/integras/2375649.htm
117;https://www.camara.leg.br/noticias/1025551-DEPUTADOS-ACUSAM-BRASKEM-DE-CONDUTA-CRIMINOSA-NA-ATUACAO-EM-MACEIO;https://escriba.camara.leg.br/escriba-servicosweb/html/70877;https://www.camara.leg.br/internet/ordemdodia/integras/2374604.htm
118;https://www.camara.leg.br/noticias/1025455-DEFESA-CIVIL-APONTA-14,5-MILHOES-DE-AFETADOS-E-GASTOS-DE-R$-1,4-BILHAO-COM-DESASTRES-CLIMATICOS-EM-2023;https://escriba.camara.leg.br/escriba-servicosweb/html/71530;https://www.camara.leg.br/internet/ordemdodia/integras/2374505.htm
119;https://www.camara.leg.br/noticias/1025095-ESPECIALISTAS-DEFENDEM-INCLUSAO-DE-QUESTOES-DE-GENERO-NA-FORMACAO-DE-PERITOS-CRIMINAIS;https://escriba.camara.leg.br/escriba-servicosweb/html/71359;https://www.camara.leg.br/internet/ordemdodia/integras/2373959.htm
120;https://www.camara.leg.br/noticias/1024284-MEDICOS-E-SINDICATOS-MOSTRAM-A-PRECARIZACAO-DO-TRABALHO-EM-MINERACAO;https://escriba.camara.leg.br/escriba-servicosweb/html/71253;https://www.camara.leg.br/internet/ordemdodia/integras/2373138.htm
121;https://www.camara.leg.br/noticias/1024249-JUDICIARIO-PRECISA-MELHORAR-ATENDIMENTO-A-MULHERES-VITIMAS-DE-VIOLENCIA-DOMESTICA,-DIZEM-ESPECIALISTAS;https://escriba.camara.leg.br/escriba-servicosweb/html/71105;https://www.camara.leg.br/internet/ordemdodia/integras/2373089.htm
122;https://www.camara.leg.br/noticias/1023429-MINISTRO-DA-AGRICULTURA-DIZ-QUE-NEGOCIA-COM-EQUIPE-ECONOMICA-MAIS-R$-500-MI-PARA-SEGURO-RURAL;https://escriba.camara.leg.br/escriba-servicosweb/html/71287;https://www.camara.leg.br/internet/ordemdodia/integras/2371373.htm
123;https://www.camara.leg.br/noticias/1023063-DEPUTADO-DEFENDE-AUMENTO-DE-ORCAMENTO-PARA-COMBATER-A-TUBERCULOSE-NO-BRASIL;https://escriba.camara.leg.br/escriba-servicosweb/html/71256;https://www.camara.leg.br/internet/ordemdodia/integras/2369553.htm
124;https://www.camara.leg.br/noticias/1022967-PRESIDENTE-DO-INCRA-AFIRMA-QUE-POLITICA-DE-REGULARIZACAO-DE-TERRAS-NAO-SERA-PARALISADA;https://escriba.camara.leg.br/escriba-servicosweb/html/71392;https://www.camara.leg.br/internet/ordemdodia/integras/2369539.htm
125;https://www.camara.leg.br/noticias/1021542-SO-30-DAS-SECRETARIAS-DE-EDUCACAO-EXIGEM-CURSO-DE-GESTAO-ESCOLAR-PARA-DIRETORES,-DIZ-ESTUDO;https://escriba.camara.leg.br/escriba-servicosweb/html/70880;https://www.camara.leg.br/internet/ordemdodia/integras/2367650.htm
126;https://www.camara.leg.br/noticias/1021067-DEMOCRATIZACAO-DO-USO-MEDICINAL-DA-CANNABIS-DEPENDE-DE-REGULAMENTACAO-DE-ASSOCIACOES-DE-PRODUTORES,-DIZEM-ESPECIALISTAS;https://escriba.camara.leg.br/escriba-servicosweb/html/71331;https://www.camara.leg.br/internet/ordemdodia/integras/2370977.htm
127;https://www.camara.leg.br/noticias/1020936-DEBATEDORES-COBRAM-POLITICA-NACIONAL-DE-CUIDADOS-PARA-IDOSOS;https://escriba.camara.leg.br/escriba-servicosweb/html/71306;https://www.camara.leg.br/internet/ordemdodia/integras/2368099.htm
128;https://www.camara.leg.br/noticias/1020878-PREOCUPACAO-COM-INSEGURANCA-JURIDICA-DOMINA-DEBATE-SOBRE-COMERCIO-AOS-DOMINGOS-E-FERIADOS;https://escriba.camara.leg.br/escriba-servicosweb/html/71294;https://www.camara.leg.br/internet/ordemdodia/integras/2366830.htm
129;https://www.camara.leg.br/noticias/1020611-OPOSICAO-CRITICA-VACINACAO-DE-CRIANCAS-CONTRA-COVID-EM-DEBATE-COM-MINISTRA-DA-SAUDE;https://escriba.camara.leg.br/escriba-servicosweb/html/71071;https://www.camara.leg.br/internet/ordemdodia/integras/2367212.htm
130;https://www.camara.leg.br/noticias/1020443-REPRESENTANTES-DO-AUDIOVISUAL-SUGEREM-A-DEPUTADOS-MEDIDAS-PARA-ESTIMULAR-O-SETOR;https://escriba.camara.leg.br/escriba-servicosweb/html/71252;https://www.camara.leg.br/internet/ordemdodia/integras/2365233.htm
131;https://www.camara.leg.br/noticias/1020446-CONCESSIONARIA-E-GOVERNO-ANUNCIAM-EM-REUNIAO-NA-CAMARA-ACORDO-PARA-A-DUPLICACAO-DA-BR-116-NA-BAHIA;https://escriba.camara.leg.br/escriba-servicosweb/html/70792;https://www.camara.leg.br/internet/ordemdodia/integras/2367160.htm
132;https://www.camara.leg.br/noticias/1018742-GOVERNO-CONCLUI-PLANO-PARA-GARANTIR-RADIOS-COMUNITARIAS-EM-TODOS-OS-MUNICIPIOS-DO-PAIS;https://escriba.camara.leg.br/escriba-servicosweb/html/70665;https://www.camara.leg.br/internet/ordemdodia/integras/2365059.htm
133;https://www.camara.leg.br/noticias/1018578-DEPUTADOS-CRITICAM-AUSENCIA-DE-PRESIDENTE-DA-ENEL-BRASIL-EM-AUDIENCIA-NA-CAMARA;https://escriba.camara.leg.br/escriba-servicosweb/html/71100;https://www.camara.leg.br/internet/ordemdodia/integras/2364382.htm
134;https://www.camara.leg.br/noticias/1016502-EM-DEBATE-NA-CAMARA,-GOVERNO-E-SETOR-PRODUTIVO-APONTAM-CAMINHOS-PARA-TRANSICAO-ENERGETICA-SUSTENTAVEL;https://escriba.camara.leg.br/escriba-servicosweb/html/71017;https://www.camara.leg.br/internet/ordemdodia/integras/2359517.htm
135;https://www.camara.leg.br/noticias/1015840-POLICIAIS-PENAIS-DENUNCIAM-PRECARIZACAO-DO-TRABALHO-E-COBRAM-REGULAMENTACAO-DAS-ATIVIDADES;https://escriba.camara.leg.br/escriba-servicosweb/html/70281;https://www.camara.leg.br/internet/ordemdodia/integras/2358307.htm
136;https://www.camara.leg.br/noticias/1015570-LIDERANCAS-INDIGENAS-PEDEM-APROVACAO-DE-LEI-PARA-POLITICA-DE-GESTAO-TERRITORIAL;https://escriba.camara.leg.br/escriba-servicosweb/html/70950;https://www.camara.leg.br/internet/ordemdodia/integras/2358185.htm
137;https://www.camara.leg.br/noticias/1015097-DEBATEDORES-DISCORDAM-SOBRE-POSSIBILIDADE-DE-PROFESSOR-TER-DOIS-CARGOS-PUBLICOS-EM-AREAS-DIFERENTES;https://escriba.camara.leg.br/escriba-servicosweb/html/70935;https://www.camara.leg.br/internet/ordemdodia/integras/2357445.htm
138;"https://www.camara.leg.br/noticias/1014383-PRESIDENTE-DA-ANPD-PEDE-CONCURSO-PARA-AGENCIA;-DIVISAO-DE-FISCALIZACAO-TEM-APENAS-5-FUNCIONARIOS";https://escriba.camara.leg.br/escriba-servicosweb/html/70794;https://www.camara.leg.br/internet/ordemdodia/integras/2356125.htm
139;"https://www.camara.leg.br/noticias/1014406-DEBATEDORES-DENUNCIAM-RACISMO-CONTRA-INDIGENAS-EM-PRESIDIOS;-DEPUTADA-SUGERE-LEI-PRISIONAL-ESPECIFICA";https://escriba.camara.leg.br/escriba-servicosweb/html/70899;https://www.camara.leg.br/internet/ordemdodia/integras/2358259.htm
140;https://www.camara.leg.br/noticias/1014392-DIRETOR-DA-OPAS-APONTA-LICOES-DA-PANDEMIA-E-PROVIDENCIAS-PARA-PROXIMAS-EMERGENCIAS-SANITARIAS;https://escriba.camara.leg.br/escriba-servicosweb/html/70705;https://www.camara.leg.br/internet/ordemdodia/integras/2358550.htm
141;https://www.camara.leg.br/noticias/1012403-PROFESSORES-DENUNCIAM-AMBIENTE-DE-PERSEGUICOES-CAUSADO-PELO-CLIMA-DE-RADICALIZACAO-POLITICA-NO-PAIS;https://escriba.camara.leg.br/escriba-servicosweb/html/70455;https://www.camara.leg.br/internet/ordemdodia/integras/2352733.htm
142;https://www.camara.leg.br/noticias/1012223-GOVERNO-AFIRMA-QUE-REGULAMENTACAO-DO-CONSIGNADO-PARA-SERVIDORES-PUBLICOS-SERA-PUBLICADA-ATE-SEMANA-QUE-VEM;https://escriba.camara.leg.br/escriba-servicosweb/html/70485;https://www.camara.leg.br/internet/ordemdodia/integras/2353422.htm
143;https://www.camara.leg.br/noticias/1011391-ESPECIALISTAS-PEDEM-ATUACAO-MAIOR-DOS-BANCOS-NO-COMBATE-AOS-GOLPES-FINANCEIROS;https://escriba.camara.leg.br/escriba-servicosweb/html/70342;https://www.camara.leg.br/internet/ordemdodia/integras/2352185.htm
144;https://www.camara.leg.br/noticias/1010761-MINISTRO-ALERTA-SOBRE-O-FIM-DO-PRAZO-PARA-QUE-PREFEITURAS-ENVIEM-PROPOSTAS-PARA-O-NOVO-PAC;https://escriba.camara.leg.br/escriba-servicosweb/html/70387;https://www.camara.leg.br/internet/ordemdodia/integras/2350290.htm
145;https://www.camara.leg.br/noticias/1010673-DESEMPENHO-ATUAL-NA-SEGURANCA-PUBLICA-SUPERA-2022,-DIZ-MINISTRO-DA-JUSTICA;https://escriba.camara.leg.br/escriba-servicosweb/html/70624;https://www.camara.leg.br/internet/ordemdodia/integras/2350527.htm
146;https://www.camara.leg.br/noticias/1010444-ESPECIALISTAS-DEFENDEM-LIBERACAO-DA-PRODUCAO-DE-CANNABIS-PARA-FINS-MEDICINAIS;https://escriba.camara.leg.br/escriba-servicosweb/html/70399;https://www.camara.leg.br/internet/ordemdodia/integras/2348858.htm
147;https://www.camara.leg.br/noticias/1009559-CRECHE-PUBLICA-E-FUNDAMENTAL-PARA-DIMINUIR-DESIGUALDADE-SOCIAL,-AFIRMAM-ESPECIALISTAS;https://escriba.camara.leg.br/escriba-servicosweb/html/70457;https://www.camara.leg.br/internet/ordemdodia/integras/2348017.htm
148;https://www.camara.leg.br/noticias/1008945-DEPUTADOS-COBRAM-DO-IBAMA-A-VOLTA-DAS-AUTORIZACOES-PARA-CACA-A-JAVALIS;https://escriba.camara.leg.br/escriba-servicosweb/html/70528;https://www.camara.leg.br/internet/ordemdodia/integras/2347809.htm
149;https://www.camara.leg.br/noticias/1008409-MUDANCA-DEMOGRAFICA-EXIGE-REESTRUTURACAO-DO-ESTADO,-AFIRMAM-ESPECIALISTAS;https://escriba.camara.leg.br/escriba-servicosweb/html/70202;https://www.camara.leg.br/internet/ordemdodia/integras/2347223.htm
150;https://www.camara.leg.br/noticias/1008261-COMISSAO-DE-CIENCIA,-TECNOLOGIA-E-INOVACAO-LEMBRA-OS-150-ANOS-DE-NASCIMENTO-DE-SANTOS-DUMONT;https://escriba.camara.leg.br/escriba-servicosweb/html/70322;https://www.camara.leg.br/internet/ordemdodia/integras/2348158.htm
151;https://www.camara.leg.br/noticias/1007905-ESPECIALISTAS-DEFENDEM-EDUCACAO-PROFISSIONALIZANTE-NOS-PRESIDIOS;https://escriba.camara.leg.br/escriba-servicosweb/html/70434;https://www.camara.leg.br/internet/ordemdodia/integras/2346717.htm
152;https://www.camara.leg.br/noticias/1007772-DEBATEDORES-ALERTAM-SOBRE-EXTINCAO-DA-LEI-QUE-REGULAMENTA-O-SEGURO-OBRIGATORIO-PARA-VITIMAS-DO-TRANSITO;https://escriba.camara.leg.br/escriba-servicosweb/html/70210;https://www.camara.leg.br/internet/ordemdodia/integras/2345456.htm
153;https://www.camara.leg.br/noticias/1007682-MINISTRO-DIZ-QUE-CREDITO-DO-BNDES-A-ATINGIDOS-POR-ENCHENTE-NO-RS-SERA-AMPLIADO-PARA-GRANDES-EMPRESAS;https://escriba.camara.leg.br/escriba-servicosweb/html/70435;https://www.camara.leg.br/internet/ordemdodia/integras/2345744.htm
154;https://www.camara.leg.br/noticias/1005190-DEPUTADAS-E-ESPECIALISTAS-COBRAM-POLITICAS-PUBLICAS-VOLTADAS-PARA-MULHERES-NO-CLIMATERIO;https://escriba.camara.leg.br/escriba-servicosweb/html/70151;https://www.camara.leg.br/internet/ordemdodia/integras/2341286.htm
155;https://www.camara.leg.br/noticias/1005089-NOS-20-ANOS-DO-ESTATUTO-DO-IDOSO,-ESPECIALISTAS-PEDEM-CONSOLIDACAO-DE-POLITICAS-PUBLICAS;https://escriba.camara.leg.br/escriba-servicosweb/html/69948;https://www.camara.leg.br/internet/ordemdodia/integras/2340651.htm
156;https://www.camara.leg.br/noticias/1004719-UNIVERSIDADES-COMUNITARIAS-COBRAM-AJUSTES-NA-LEGISLACAO-PARA-MANTER-QUALIDADE-DO-ENSINO;https://escriba.camara.leg.br/escriba-servicosweb/html/70317;https://www.camara.leg.br/internet/ordemdodia/integras/2341403.htm
157;https://www.camara.leg.br/noticias/1004504-ESPECIALISTAS-SUGEREM-DESONERACAO-TRIBUTARIA-PARA-BARATEAR-CUSTO-DE-REMEDIOS-PARA-DOENCAS-RARAS;https://escriba.camara.leg.br/escriba-servicosweb/html/70169;https://www.camara.leg.br/internet/ordemdodia/integras/2341052.htm
158;https://www.camara.leg.br/noticias/1004090-PARTICIPANTES-DE-DEBATE-COBRAM-REGULAMENTACAO-DE-MERCADO-DE-CARBONO;https://escriba.camara.leg.br/escriba-servicosweb/html/70207;https://www.camara.leg.br/internet/ordemdodia/integras/2373215.htm
159;https://www.camara.leg.br/noticias/1004080-FALTA-DE-RECURSOS-DIFICULTA-ACESSO-A-DIAGNOSTICO-DE-CANCER-DE-MAMA-NO-SUS,-RECLAMAM-ESPECIALISTAS;https://escriba.camara.leg.br/escriba-servicosweb/html/70258;https://www.camara.leg.br/internet/ordemdodia/integras/2338973.htm
160;https://www.camara.leg.br/noticias/1003617-ESPECIALISTAS-APONTAM-FALTA-DE-RECURSOS-PARA-A-EDUCACAO-INCLUSIVA;https://escriba.camara.leg.br/escriba-servicosweb/html/70201;https://www.camara.leg.br/internet/ordemdodia/integras/2338163.htm
161;https://www.camara.leg.br/noticias/1003276-COMBUSTIVEIS-E-DOLAR-EXPLICAM-AUMENTO-DAS-PASSAGENS,-DIZ-ASSOCIACAO-DAS-EMPRESAS-AEREAS;https://escriba.camara.leg.br/escriba-servicosweb/html/69612;https://www.camara.leg.br/internet/ordemdodia/integras/2335261.htm
162;https://www.camara.leg.br/noticias/1002286-EMPRESAS-DEVEM-AGIR-PARA-PREVENIR-TRANSTORNOS-MENTAIS-NO-AMBIENTE-DE-TRABALHO,-DIZEM-ESPECIALISTAS;https://escriba.camara.leg.br/escriba-servicosweb/html/70031;https://www.camara.leg.br/internet/ordemdodia/integras/2335228.htm
163;https://www.camara.leg.br/noticias/1000453-EDUCADORA-SUGERE-CRIACAO-DE-GRUPO-DE-TRABALHO-NA-CAMARA-PARA-DISCUTIR-A-EDUCACAO-DE-MENINAS-E-MULHERES-NEGRAS;https://escriba.camara.leg.br/escriba-servicosweb/html/69798;https://www.camara.leg.br/internet/ordemdodia/integras/2332896.htm
164;https://www.camara.leg.br/noticias/1000584-RITMO-DE-INVESTIMENTOS-EM-SANEAMENTO-BASICO-AINDA-E-INSUFICIENTE-PARA-UNIVERSALIZACAO-ATE-2033,-ALERTA-ECONOMISTA;https://escriba.camara.leg.br/escriba-servicosweb/html/69970;https://www.camara.leg.br/internet/ordemdodia/integras/2332103.htm
165;https://www.camara.leg.br/noticias/999920-RELATOR-DA-LDO-ACREDITA-QUE-QUEDA-DA-ARRECADACAO-PODE-IMPEDIR-DEFICIT-ZERO-EM-2024;https://escriba.camara.leg.br/escriba-servicosweb/html/69790;https://www.camara.leg.br/internet/ordemdodia/integras/2331637.htm
166;https://www.camara.leg.br/noticias/999783-ESPECIALISTAS-DEFENDEM-USO-DE-TECNOLOGIA-BLOCKCHAIN-NO-SERVICO-PUBLICO;https://escriba.camara.leg.br/escriba-servicosweb/html/69813;https://www.camara.leg.br/internet/ordemdodia/integras/2332906.htm
167;https://www.camara.leg.br/noticias/997940-ESPECIALISTAS-COBRAM-RECURSOS-E-POLITICA-PUBLICA-PARA-CONTROLE-POPULACIONAL-DE-CAES-E-GATOS;https://escriba.camara.leg.br/escriba-servicosweb/html/69621;https://www.camara.leg.br/internet/ordemdodia/integras/2328607.htm
168;https://www.camara.leg.br/noticias/997938-DEBATEDORES-DEFENDEM-MELHORIA-DAS-CONDICOES-DA-POS-GRADUACAO-NO-BRASIL;https://escriba.camara.leg.br/escriba-servicosweb/html/69761;https://www.camara.leg.br/internet/ordemdodia/integras/2328623.htm
169;https://www.camara.leg.br/noticias/997939-COM-APOIO-PARCIAL-DO-GOVERNO,-MOVIMENTOS-SOCIAIS-QUEREM-CERRADO-E-CAATINGA-COMO-PATRIMONIOS-NACIONAIS;https://escriba.camara.leg.br/escriba-servicosweb/html/69792;https://www.camara.leg.br/internet/ordemdodia/integras/2368779.htm
170;https://www.camara.leg.br/noticias/997410-DEBATEDORES-INDICAM-NECESSIDADE-DE-INVESTIMENTOS-PARA-MELHOR-ATENDIMENTO-DE-URGENCIAS;https://escriba.camara.leg.br/escriba-servicosweb/html/69352;https://www.camara.leg.br/internet/ordemdodia/integras/2327010.htm
171;https://www.camara.leg.br/noticias/997189-NISIA-TRINDADE-REBATE-POLEMICAS-E-DETALHA-INVESTIMENTOS-DO-NOVO-PAC-NA-SAUDE;https://escriba.camara.leg.br/escriba-servicosweb/html/69839;https://www.camara.leg.br/internet/ordemdodia/integras/2329207.htm
172;https://www.camara.leg.br/noticias/997188-CENSO-QUILOMBOLA-REPRESENTA-PRIMEIRO-PASSO-NA-GARANTIA-DE-DIREITOS,-AFIRMAM-DEBATEDORES;https://escriba.camara.leg.br/escriba-servicosweb/html/69800;https://www.camara.leg.br/internet/ordemdodia/integras/2330016.htm
173;https://www.camara.leg.br/noticias/996970-PAIS-DEVE-RETOMAR-PROJETOS-DE-HIDRELETRICAS-COM-RESERVATORIOS,-APONTAM-ESPECIALISTAS;https://escriba.camara.leg.br/escriba-servicosweb/html/69595;https://www.camara.leg.br/internet/ordemdodia/integras/2328718.htm
174;https://www.camara.leg.br/noticias/996416-ESPECIALISTAS-DISCORDAM-SOBRE-NIVEL-DE-DIFICULDADE-DO-EXAME-REVALIDA;https://escriba.camara.leg.br/escriba-servicosweb/html/68204;https://www.camara.leg.br/internet/ordemdodia/integras/2326776.htm
175;https://www.camara.leg.br/noticias/996322-GOVERNO-PODE-REVER-ALIQUOTA-DE-TAXACAO-DAS-OPERADORAS-DE-APOSTAS-ESPORTIVAS,-DIZ-ASSESSOR;https://escriba.camara.leg.br/escriba-servicosweb/html/69701;https://www.camara.leg.br/internet/ordemdodia/integras/2327207.htm
176;https://www.camara.leg.br/noticias/996104-CAPACITISMO-E-BARREIRA-PARA-EDUCACAO-INCLUSIVA,-DIZEM-ESPECIALISTAS;https://escriba.camara.leg.br/escriba-servicosweb/html/69762;https://www.camara.leg.br/internet/ordemdodia/integras/2326144.htm
177;https://www.camara.leg.br/noticias/1060256-DEPUTADOS-TEMEM-MENOR-CONCORRENCIA-E-AUMENTO-DE-PRECOS-COM-REGULAMENTACAO-DE-APLICATIVOS-DE-TRANSPORTE;https://escriba.camara.leg.br/escriba-servicosweb/html/72436;https://www.camara.leg.br/internet/ordemdodia/integras/2421012.htm
178;https://www.camara.leg.br/noticias/995048-IBAMA-DEFENDE-PLANEJAMENTO-MARINHO-PARA-REDUZIR-IMPACTO-DOS-PARQUES-DE-ENERGIA-EOLICA-EM-ALTO-MAR;https://escriba.camara.leg.br/escriba-servicosweb/html/69642;https://www.camara.leg.br/internet/ordemdodia/integras/2325377.htm
179;https://www.camara.leg.br/noticias/993549-ESPECIALISTAS-ALERTAM-PARA-RISCOS-NA-REGULAMENTACAO-DO-MERCADO-DIGITAL;https://escriba.camara.leg.br/escriba-servicosweb/html/69091;https://www.camara.leg.br/internet/ordemdodia/integras/2322877.htm
180;https://www.camara.leg.br/noticias/993146-ANISTIA-A-PARTIDOS-QUE-NAO-CUMPRIRAM-COTAS-PARA-MULHERES-E-NEGROS-NAO-TEM-CONSENSO;https://escriba.camara.leg.br/escriba-servicosweb/html/69481;https://www.camara.leg.br/internet/ordemdodia/integras/2321152.htm
181;https://www.camara.leg.br/noticias/993120-BRASIL-PRECISA-COMBATER-CIGARRO-ELETRONICO-PARA-MANTER-QUEDA-NO-INDICE-DE-FUMANTES,-DIZEM-ESPECIALISTAS;https://escriba.camara.leg.br/escriba-servicosweb/html/68866;https://www.camara.leg.br/internet/ordemdodia/integras/2322112.htm
182;https://www.camara.leg.br/noticias/993027-ENTIDADES-QUE-DEFENDEM-CONSUMIDOR-PEDEM-REGULACAO-PARA-REAJUSTES-DE-PLANOS-DE-SAUDE-COLETIVOS;https://escriba.camara.leg.br/escriba-servicosweb/html/68987;https://www.camara.leg.br/internet/ordemdodia/integras/2323082.htm
183;https://www.camara.leg.br/noticias/993002-MARINA-SILVA:-VETO-DO-IBAMA-A-LICENCA-PARA-PETROBRAS-PERFURAR-NA-FOZ-DO-AMAZONAS-E-TECNICO;https://escriba.camara.leg.br/escriba-servicosweb/html/68930;https://www.camara.leg.br/internet/ordemdodia/integras/2322720.htm
184;https://www.camara.leg.br/noticias/992983-PARTICIPANTES-DE-AUDIENCIA-PUBLICA-PEDEM-VOTACAO-DE-MUDANCAS-NA-LEI-DO-BEM;https://escriba.camara.leg.br/escriba-servicosweb/html/69406;https://www.camara.leg.br/internet/ordemdodia/integras/2325603.htm
185;https://www.camara.leg.br/noticias/992769-COBERTURA-DO-TESTE-DO-PEZINHO-E-MUITO-DESIGUAL-NO-ESTADOS-BRASILEIROS,-APONTA-LEVANTAMENTO;https://escriba.camara.leg.br/escriba-servicosweb/html/69265;https://www.camara.leg.br/internet/ordemdodia/integras/2319589.htm
186;https://www.camara.leg.br/noticias/992545-DEPUTADA-QUER-AUXILIO-EMERGENCIAL-E-MEDIDAS-DURADOURAS-PARA-ENFRENTAR-DESASTRES-CLIMATICOS;https://escriba.camara.leg.br/escriba-servicosweb/html/69501;https://www.camara.leg.br/internet/ordemdodia/integras/2337934.htm
187;https://www.camara.leg.br/noticias/991119-ETNIAS-CIGANAS-PEDEM-ACESSO-A-POLITICAS-PUBLICAS-E-RECONHECIMENTO-PELO-CENSO;https://escriba.camara.leg.br/escriba-servicosweb/html/69296;https://www.camara.leg.br/internet/ordemdodia/integras/2318497.htm
188;https://www.camara.leg.br/noticias/990915-MULHERES-SAO-APENAS-13-DE-POS-GRADUANDOS-EM-CIENCIAS-EXATAS-E-TECNOLOGICAS-E-TEM-FINANCIAMENTO-MENOR;https://escriba.camara.leg.br/escriba-servicosweb/html/69277;https://www.camara.leg.br/internet/ordemdodia/integras/2318428.htm
189;https://www.camara.leg.br/noticias/990984-SPOTIFY-E-MERCADO-LIVRE-PEDEM-MUDANCAS-NO-PROJETO-QUE-REGULAMENTA-OS-MERCADOS-DIGITAIS;https://escriba.camara.leg.br/escriba-servicosweb/html/69090;https://www.camara.leg.br/internet/ordemdodia/integras/2319220.htm
190;https://www.camara.leg.br/noticias/990149-ENTIDADES-CRITICAM-FALTA-DE-APOIO-A-PESQUISAS-CLINICAS-SOBRE-DOENCAS-RARAS-NO-BRASIL;https://escriba.camara.leg.br/escriba-servicosweb/html/68789;https://www.camara.leg.br/internet/ordemdodia/integras/2316295.htm
191;https://www.camara.leg.br/noticias/988145-ACOES-DE-BEM-ESTAR-ANIMAL-PODEM-TRAZER-MULTIPLOS-BENEFICIOS-PARA-O-BRASIL,-DIZEM-ESPECIALISTAS;https://escriba.camara.leg.br/escriba-servicosweb/html/69086;https://www.camara.leg.br/internet/ordemdodia/integras/2315000.htm
192;https://www.camara.leg.br/noticias/987344-ENTIDADES-DE-DEFESA-DO-CONSUMIDOR-E-REPRESENTANTE-DA-INDUSTRIA-DIVERGEM-SOBRE-REDUCAO-DA-VIDA-UTIL-DE-CELULARES;https://escriba.camara.leg.br/escriba-servicosweb/html/68989;https://www.camara.leg.br/internet/ordemdodia/integras/2313720.htm
193;"https://www.camara.leg.br/noticias/986965-MICROEMPRESARIOS-QUEREM-PROGRAMA-DESENROLA-PARA-O-SETOR;-BC-DEFENDE-POLITICA-DE-JUROS";https://escriba.camara.leg.br/escriba-servicosweb/html/69109;https://www.camara.leg.br/internet/ordemdodia/integras/2313935.htm
194;https://www.camara.leg.br/noticias/986894-ESPECIALISTAS-DEFENDEM-DIMINUICAO-DE-VELOCIDADE-DAS-VIAS-PARA-GARANTIR-SEGURANCA-DE-PEDESTRES-E-CICLISTAS;https://escriba.camara.leg.br/escriba-servicosweb/html/69015;https://www.camara.leg.br/internet/ordemdodia/integras/2314200.htm
195;https://www.camara.leg.br/noticias/985302-REGULAMENTACAO-DOS-MERCADOS-DIGITAIS-NO-BRASIL-PRECISA-SER-FEITA-COM-CAUTELA,-AFIRMAM-ESPECIALISTAS-ESTRANGEIROS;https://escriba.camara.leg.br/escriba-servicosweb/html/68976;https://www.camara.leg.br/internet/ordemdodia/integras/2310044.htm
196;https://www.camara.leg.br/noticias/985304-FINANCIAMENTO-ESTUDANTIL-E-FUNDAMENTAL-PARA-AMPLIAR-O-ENSINO-SUPERIOR,-DEFENDEM-DEBATEDORES;https://escriba.camara.leg.br/escriba-servicosweb/html/68914;https://www.camara.leg.br/internet/ordemdodia/integras/2309555.htm
197;https://www.camara.leg.br/noticias/984615-MARCO-LEGAL-DA-INOVACAO-PRECISA-SER-REVISTO,-AFIRMAM-ESPECIALISTAS;https://escriba.camara.leg.br/escriba-servicosweb/html/68945;https://www.camara.leg.br/internet/ordemdodia/integras/2310124.htm
198;https://www.camara.leg.br/noticias/984745-ONU-RECONHECE-LIDERANCA-DO-BRASIL-NA-PROTECAO-A-REFUGIADOS;https://escriba.camara.leg.br/escriba-servicosweb/html/69062;https://www.camara.leg.br/internet/ordemdodia/integras/2309240.htm
199;https://www.camara.leg.br/noticias/984563-MINISTRA-DEFENDE-AUTOSSUFICIENCIA-NA-PRODUCAO-DE-INSUMOS-PARA-SAUDE-EM-AUDIENCIA-NA-CAMARA;https://escriba.camara.leg.br/escriba-servicosweb/html/68962;https://www.camara.leg.br/internet/ordemdodia/integras/2310022.htm
200;https://www.camara.leg.br/noticias/984036-ESPECIALISTAS-APOIAM-PROPOSTA-QUE-INSTITUI-POLITICA-DE-SAUDE-FUNCIONAL;https://escriba.camara.leg.br/escriba-servicosweb/html/69092;https://www.camara.leg.br/internet/ordemdodia/integras/2307572.htm
201;https://www.camara.leg.br/noticias/982652-FAMILIARES-DE-PRESOS-EM-8-DE-JANEIRO-COBRAM-INDIVIDUALIZACAO-DE-CONDUTAS-E-NEGAM-TENTATIVA-DE-GOLPE;https://escriba.camara.leg.br/escriba-servicosweb/html/68825;https://www.camara.leg.br/internet/ordemdodia/integras/2306126.htm
202;https://www.camara.leg.br/noticias/982544-REGULAMENTACAO-DA-PROFISSAO-DE-QUIROPRAXISTA-DIVIDE-OPINIOES-NA-CAMARA;https://escriba.camara.leg.br/escriba-servicosweb/html/68864;https://www.camara.leg.br/internet/ordemdodia/integras/2305509.htm
203;https://www.camara.leg.br/noticias/982443-DESMONTE-DAS-POLITICAS-PUBLICAS-LEVOU-A-AUMENTO-DA-VIOLENCIA-CONTRA-MULHERES,-AFIRMAM-DEBATEDORAS;https://escriba.camara.leg.br/escriba-servicosweb/html/68974;https://www.camara.leg.br/internet/ordemdodia/integras/2325400.htm
204;https://www.camara.leg.br/noticias/979830-ESPECIALISTAS-DEFENDEM-MELHORIAS-NO-ACESSO-AO-DIAGNOSTICO-E-TRATAMENTO-DA-DISTONIA-NO-SUS;https://escriba.camara.leg.br/escriba-servicosweb/html/68860;https://www.camara.leg.br/internet/ordemdodia/integras/2300984.htm
205;https://www.camara.leg.br/noticias/979162-DEPUTADOS-PEDEM-MAIS-RECURSOS-E-MELHORIAS-NA-POLITICA-DE-ENFRENTAMENTO-AOS-CRIMES-NAS-FRONTEIRAS-DO-PAIS;https://escriba.camara.leg.br/escriba-servicosweb/html/68716;https://www.camara.leg.br/internet/ordemdodia/integras/2299160.htm
206;https://www.camara.leg.br/noticias/976544-REVISAO-DEVE-SERVIR-PARA-MELHORAR-A-LEI-DE-COTAS,-DIZ-ESPECIALISTA;https://escriba.camara.leg.br/escriba-servicosweb/html/68534;https://www.camara.leg.br/internet/ordemdodia/integras/2294534.htm
207;https://www.camara.leg.br/noticias/976451-MOVIMENTOS-SOCIAIS-DENUNCIAM-O-RACISMO-NA-PRIMEIRA-INFANCIA;https://escriba.camara.leg.br/escriba-servicosweb/html/68708;https://www.camara.leg.br/internet/ordemdodia/integras/2297442.htm
208;https://www.camara.leg.br/noticias/976400-PESQUISA-MOSTRA-DIFICULDADES-NA-IMPLANTACAO-DE-POLITICAS-PUBLICAS-PARA-POPULACAO-LGBTQIA+;https://escriba.camara.leg.br/escriba-servicosweb/html/68759;https://www.camara.leg.br/internet/ordemdodia/integras/2294832.htm
209;https://www.camara.leg.br/noticias/975985-ENTIDADES-COBRAM-MAIS-SEGURANCA-SANITARIA-NA-PRODUCAO-DE-ALIMENTOS-DE-ORIGEM-ANIMAL;https://escriba.camara.leg.br/escriba-servicosweb/html/68414;https://www.camara.leg.br/internet/ordemdodia/integras/2294828.htm
210;https://www.camara.leg.br/noticias/975660-REPRESENTANTES-DE-PESSOAS-AUTISTAS-COBRAM-OPORTUNIDADES-E-RESPEITO-AS-SINGULARIDADES;https://escriba.camara.leg.br/escriba-servicosweb/html/68705;https://www.camara.leg.br/internet/ordemdodia/integras/2293779.htm
211;https://www.camara.leg.br/noticias/975433-ESPECIALISTAS-SUGEREM-GRUPO-DE-TRABALHO-E-APROVACAO-DE-LEI-PARA-LIDAR-COM-DEPENDENCIA-TECNOLOGICA;https://escriba.camara.leg.br/escriba-servicosweb/html/67635;https://www.camara.leg.br/internet/ordemdodia/integras/2293551.htm
